Silkworm cocoon(canjian),Cardamom(xiaodoukou),Cowtongue grass(niushecao),Yellow Willow(huanghualiu),Syzygium aromaticum(dingxiang),Lavender(xunyicao),Luo Song(luosong),nutmeg(roudoukou),Roses(meiguihua),Qinglan(qinglan),musk(shexiang),Carthamus tinctorius(honghua),Three ribs(santiaojin),,,,,,,,,,,,,,,,,,,,,,,,,,,,,,,,,,,,,,,,,,,,,,,,,,,,,,,,,,,,,,,,
Suhexiang(suhexiang),Aquilaria sinensis(chenxiang),Toad crispy(chansu),borneol(bingpian),ginseng(renshen),Ophiopogon japonicus(maidong),Santalum album(tanxiang),Syzygium aromaticum(dingxiang),Boswellia carteri(ruxiang),Cyperus rotundus(xiangfu),Piper longum(biba),Acorus gramineus(shichangpu),Terminalia chebula(hezi),,,,,,,,,,,,,,,,,,,,,,,,,,,,,,,,,,,,,,,,,,,,,,,,,,,,,,,,,,,,,,,,
Bezoar(niuhuang),Cinnabar(zhusha),borneol(bingpian),Gypsum(shigao),honeysuckle(jinyinhua),Forsythia suspensa(lianqiao),Gardenia jasminoides(zhizi),Scutellaria baicalensis(huangqin),Anemarrhena asphodeloides(zhimu),Curcuma aromatica(yujin),Hook vine(gouteng),realgar(xionghuang),Coptis chinensis(huanglian),pearl(zhenzhu),Xinyi(xinyi),Daqingye(daqingye),Acorus gramineus(shichangpu),Water buffalo horn(shuiniujiao),,,,,,,,,,,,,,,,,,,,,,,,,,,,,,,,,,,,,,,,,,,,,,,,,,,,,,,,,,,
Bezoar(niuhuang),Pig bile(zhudanzhi),Cinnabar(zhusha),borneol(bingpian),Water buffalo horn(shuiniujiao),pearl(zhenzhu),Scutellaria baicalensis(huangqin),Coptis chinensis(huanglian),Gardenia jasminoides(zhizi),realgar(xionghuang),Curcuma aromatica(yujin),Gypsum(shigao),Ochre(zheshi),mother-of-pearl(zhenzhumu),Mentha canadensis(bohe),,,,,,,,,,,,,,,,,,,,,,,,,,,,,,,,,,,,,,,,,,,,,,,,,,,,,,,,,,,,,,
Danshen(danshen),Schisandra chinensis(wuweizi),Acorus gramineus(shichangpu),mother-of-pearl(zhenzhumu),Yejiao Teng(yejiaoteng),Dryflower grass(hanliancao),Acacia bark(hehuanpi),Rehmannia glutinosa(dihuang),Dodder seed(tusizi),Ligustrum lucidum seed(nvzhenzi),,,,,,,,,,,,,,,,,,,,,,,,,,,,,,,,,,,,,,,,,,,,,,,,,,,,,,,,,,,,,,,,,,,
Asarum heterotropoides(xixin),Carthamus tinctorius(honghua),Citrus aurantium(chenpi),Pig tooth soap(zhuyazao),Wolfiporia cocos(fuling),Self-defense(fangji),Angelica sinensis(danggui),Maple gum(fengxiangzhi),Cyperus rotundus(xiangfu),Angelica dahurica(baizhi),windproof(fangfeng),Pomelo peel(youpi),licorice(gancao),Elsholtzia splendens(xiangru),Rehmannia glutinosa(dihuang),Grass cardamom(caodoukou),borneol(bingpian),Qiang Huo(qianghuo),White peony(baishao),Fructus Aurantii(zhike),Chaihu(chaihu),Hook vine(gouteng),Saponin horn thorn(zaojiaoci),Platycodon grandiflorum(jiegeng),Anterior Hu(qianhu),Gardenia jasminoides(zhizi),Aucklandia costus(muxiang),Weiling Xian(weilingxian),Scorpion(quanxie),Amomum villosum(sharen),Mentha canadensis(bohe),Acorus gramineus(shichangpu),Bitter almond(kuxingren),Potentilla chinensis(weilingcai),Scutellaria baicalensis(huangqin),Pogostemon cablin(guanghuoxiang),Guanzhong(guanzhong),Dried ginger(ganjiang),Schizonepeta tenuifolia(jingjie),Purple grass(zicao),Perilla frutescens(zisu),Rheum officinale(dahuang),Magnolia officinalis(houpo),Atractylodes lancea(cangzhu),Santalum album(tanxiang),Cinnamomum cassia(rougui),,,,,,,,,,,,,,,,,,,,,,,,,,,,,,,
Mentha canadensis(bohe),camphor(zhangnao),Methyl salicylate(shuiyangsuanjiazhi),Eucalyptus oil(anyou),borneol(bingpian),Lavender(xunyicao),,,,,,,,,,,,,,,,,,,,,,,,,,,,,,,,,,,,,,,,,,,,,,,,,,,,,,,,,,,,,,,,,,,,,,,
licorice(gancao),Scutellaria baicalensis(huangqin),Huangbai(huangbai),Rheum officinale(dahuang),Magnolia officinalis(houpo),Citrus aurantium(chenpi),Grass fruit(caoguo),Cardamom(baidoukou),Chaihu(chaihu),Angelica dahurica(baizhi),Artemisia annua(qinghao),Big saponin horn(dazaojiao),Asarum heterotropoides(xixin),Purple grass(zicao),Aquilaria sinensis(chenxiang),Terminalia chebula(hezi),Mugwort leaf(aiye),Mentha canadensis(bohe),Syzygium aromaticum basil(dingxiangluole),Cinnamomum cassia(rougui),Pogostemon cablin(guanghuoxiang),,,,,,,,,,,,,,,,,,,,,,,,,,,,,,,,,,,,,,,,,,,,,,,,,,,,,,,,
Mentha canadensis(bohe),Spearmint(liulanxiang),Eucalyptus oil(anyou),Syzygium aromaticum(dingxiang),Cinnamomum cassia(rougui),borneol(bingpian),,,,,,,,,,,,,,,,,,,,,,,,,,,,,,,,,,,,,,,,,,,,,,,,,,,,,,,,,,,,,,,,,,,,,,,
Bai Ziren(baiziren),Huangqi(huangqi),Wolfiporia cocos(fuling),Sour jujube kernel(suanzaoren),Conioselinum anthriscoides(chuanqiong),Angelica sinensis(danggui),Pinellia ternata(banxia),licorice(gancao),ginseng(renshen),Cinnamomum cassia(rougui),Schisandra chinensis(wuweizi),Yuanzhi(yuanzhi),,,,,,,,,,,,,,,,,,,,,,,,,,,,,,,,,,,,,,,,,,,,,,,,,,,,,,,,,,,,,,,,,
Mentha canadensis(bohe),borneol(bingpian),camphor(zhangnao),Methyl salicylate(shuiyangsuanjiazhi),Eucalyptus oil(anyou),,,,,,,,,,,,,,,,,,,,,,,,,,,,,,,,,,,,,,,,,,,,,,,,,,,,,,,,,,,,,,,,,,,,,,,,
Eucalyptus oil(anyou),Methyl salicylate(shuiyangsuanjiazhi),Fennel(xiaohuixiang),camphor(zhangnao),Cinnamomum cassia(rougui),borneol(bingpian),Mentha canadensis(bohe),,,,,,,,,,,,,,,,,,,,,,,,,,,,,,,,,,,,,,,,,,,,,,,,,,,,,,,,,,,,,,,,,,,,,,
Santalum album(tanxiang),Lingxiangcao(lingxiangcao),Angelica dahurica(baizhi),Fragrant Sparrow Grass(xiangpaicao),turmeric(jianghuang),Roses(meiguihua),Gansong(gansong),Syzygium aromaticum(dingxiang),Aucklandia costus(muxiang),musk(shexiang),borneol(bingpian),Cinnabar(zhusha),Mentha canadensis(bohe),,,,,,,,,,,,,,,,,,,,,,,,,,,,,,,,,,,,,,,,,,,,,,,,,,,,,,,,,,,,,,,,
borneol(bingpian),musk(shexiang),Lead lead lead(qiandan),Alum(baifan),keel(longgu),,,,,,,,,,,,,,,,,,,,,,,,,,,,,,,,,,,,,,,,,,,,,,,,,,,,,,,,,,,,,,,,,,,,,,,,
Mentha canadensis(bohe),Wumei Meat(wumeirou),sucrose(zhetang),,,,,,,,,,,,,,,,,,,,,,,,,,,,,,,,,,,,,,,,,,,,,,,,,,,,,,,,,,,,,,,,,,,,,,,,,,
Sour jujube kernel(suanzaoren),Ochre replacement(daizheshi),Boswellia carteri(ruxiang),Fu Shen(fushen),Cinnabar(zhusha),musk(shexiang),,,,,,,,,,,,,,,,,,,,,,,,,,,,,,,,,,,,,,,,,,,,,,,,,,,,,,,,,,,,,,,,,,,,,,,
Cinnabar(zhusha),musk(shexiang),Terminalia chebula(hezi),Cyperus rotundus(xiangfu),Aquilaria sinensis(chenxiang),Aucklandia costus(muxiang),Syzygium aromaticum(dingxiang),Benzoin(anxixiang),Santalum album(tanxiang),Piper longum(biba),Rhinoceros horn(xijiao),Boswellia carteri(ruxiang),Suhexiang(suhexiang),borneol(bingpian),,,,,,,,,,,,,,,,,,,,,,,,,,,,,,,,,,,,,,,,,,,,,,,,,,,,,,,,,,,,,,,
Cinnabar(zhusha),Fu Shen(fushen),ginseng(renshen),Gastrodia elata(tianma),Bombyx mori(jiangcan),Geranium yellow(tianzhuhuang),pearl(zhenzhu),amber(hupo),Acorus gramineus(shichangpu),Yuanzhi(yuanzhi),Lead frost(qianshuang),musk(shexiang),mercury(shuiyin),Scorpion(quanxie),Bezoar(niuhuang),,,,,,,,,,,,,,,,,,,,,,,,,,,,,,,,,,,,,,,,,,,,,,,,,,,,,,,,,,,,,,
Eucalyptus oil(anyou),Syzygium aromaticum(dingxiang),Mentha canadensis(bohe),camphor(zhangnao),Essence oil(xiangjingyou),chlorophyll(yelvsu),,,,,,,,,,,,,,,,,,,,,,,,,,,,,,,,,,,,,,,,,,,,,,,,,,,,,,,,,,,,,,,,,,,,,,,
Scorpion(quanxie),Bombyx mori(jiangcan),Cicada molting(chantui),windproof(fangfeng),Qiang Huo(qianghuo),Ephedra sinica(mahuang),Platycodon grandiflorum(jiegeng),Pinellia ternata(banxia),Coptis chinensis(huanglian),Rheum officinale(dahuang),licorice(gancao),Bezoar(niuhuang),Cinnabar(zhusha),musk(shexiang),borneol(bingpian),,,,,,,,,,,,,,,,,,,,,,,,,,,,,,,,,,,,,,,,,,,,,,,,,,,,,,,,,,,,,,
Gastrodia elata(tianma),Pinellia ternata(banxia),Scorpion(quanxie),Bombyx mori(jiangcan),White peony(baishao),Yejiao Teng(yejiaoteng),Hook vine(gouteng),Wolfiporia cocos(fuling),Danshen(danshen),,,,,,,,,,,,,,,,,,,,,,,,,,,,,,,,,,,,,,,,,,,,,,,,,,,,,,,,,,,,,,,,,,,,
Mentha canadensis(bohe),Syzygium aromaticum(dingxiang),Cinnamomum cassia(rougui),musk(shexiang),Lavender(xunyicao),Eucalyptus oil(anyou),turpentine(songjieyou),,,,,,,,,,,,,,,,,,,,,,,,,,,,,,,,,,,,,,,,,,,,,,,,,,,,,,,,,,,,,,,,,,,,,,
Mentha canadensis(bohe),borneol(bingpian),,,,,,,,,,,,,,,,,,,,,,,,,,,,,,,,,,,,,,,,,,,,,,,,,,,,,,,,,,,,,,,,,,,,,,,,,,,
Bezoar(niuhuang),musk(shexiang),Toad crispy(chansu),borneol(bingpian),Rheum officinale(dahuang),licorice(gancao),Asarum heterotropoides(xixin),Cinnabar(zhusha),Alum(baifan),Mentha canadensis(bohe),,,,,,,,,,,,,,,,,,,,,,,,,,,,,,,,,,,,,,,,,,,,,,,,,,,,,,,,,,,,,,,,,,,
Mentha canadensis(bohe),Methyl salicylate(shuiyangsuanjiazhi),camphor(zhangnao),Eucalyptus oil(anyou),Syzygium aromaticum(dingxiang),,,,,,,,,,,,,,,,,,,,,,,,,,,,,,,,,,,,,,,,,,,,,,,,,,,,,,,,,,,,,,,,,,,,,,,,
musk(shexiang),Curcuma aromatica(yujin),Pogostemon cablin(guanghuoxiang),Acorus gramineus(shichangpu),borneol(bingpian),Mentha canadensis(bohe),Polysorbate(jushanlizhi),,,,,,,,,,,,,,,,,,,,,,,,,,,,,,,,,,,,,,,,,,,,,,,,,,,,,,,,,,,,,,,,,,,,,,
Xiangsu Grass(xiangsucao),Crooked leaf blue(waiyelan),Pogostemon cablin(guanghuoxiang),Perilla frutescens(zisu),Magnolia officinalis(houpo),Cardamom(baidoukou),Aucklandia costus(muxiang),ginger(shengjiang),licorice(gancao),,,,,,,,,,,,,,,,,,,,,,,,,,,,,,,,,,,,,,,,,,,,,,,,,,,,,,,,,,,,,,,,,,,,
Mentha canadensis(bohe),borneol(bingpian),Syzygium aromaticum(dingxiang),Cinnamomum cassia(rougui),Illicium verum(bajiaohuixiang),licorice(gancao),Carmine red(yanzhihong),starch(dianfen),dextrin(hujing),,,,,,,,,,,,,,,,,,,,,,,,,,,,,,,,,,,,,,,,,,,,,,,,,,,,,,,,,,,,,,,,,,,,
Bezoar(niuhuang),musk(shexiang),pearl(zhenzhu),borneol(bingpian),borax(pengsha),realgar(xionghuang),Mirabilite(mangxiao),Gold foil(jinbo),,,,,,,,,,,,,,,,,,,,,,,,,,,,,,,,,,,,,,,,,,,,,,,,,,,,,,,,,,,,,,,,,,,,,
Syzygium aromaticum basil(dingxiangluole),Methyl salicylate(shuiyangsuanjiazhi),camphor(zhangnao),Cinnamomum cassia(rougui),Citral(ningmengquan),borneol(bingpian),,,,,,,,,,,,,,,,,,,,,,,,,,,,,,,,,,,,,,,,,,,,,,,,,,,,,,,,,,,,,,,,,,,,,,,
musk(shexiang),realgar(xionghuang),Cinnabar(zhusha),borax(pengsha),Golden Lapis Stone(jinmengshi),Saltpeter(xiaoshi),borneol(bingpian),,,,,,,,,,,,,,,,,,,,,,,,,,,,,,,,,,,,,,,,,,,,,,,,,,,,,,,,,,,,,,,,,,,,,,
Mentha canadensis(bohe),Cinnamomum cassia(rougui),Syzygium aromaticum basil(dingxiangluole),camphor(zhangnao),Eucalyptus oil(anyou),,,,,,,,,,,,,,,,,,,,,,,,,,,,,,,,,,,,,,,,,,,,,,,,,,,,,,,,,,,,,,,,,,,,,,,,
Medicinal mother(yaomu),Perilla frutescens(zisu),Bombyx mori(jiangcan),Scorpion(quanxie),Tiannanxing(tiannanxing),Atractylodes lancea(cangzhu),realgar(xionghuang),borax(pengsha),Croton cream(badoushuang),musk(shexiang),borneol(bingpian),Gastrodia elata(tianma),Schizonepeta tenuifolia(jingjie),Santalum album(tanxiang),Cinnabar(zhusha),,,,,,,,,,,,,,,,,,,,,,,,,,,,,,,,,,,,,,,,,,,,,,,,,,,,,,,,,,,,,,
Rhinoceros horn(xijiao),Antelope horn(lingyangjiao),musk(shexiang),Bezoar(niuhuang),borneol(bingpian),pearl(zhenzhu),amber(hupo),Cinnabar(zhusha),Mentha canadensis(bohe),,,,,,,,,,,,,,,,,,,,,,,,,,,,,,,,,,,,,,,,,,,,,,,,,,,,,,,,,,,,,,,,,,,,
turpentine(songjieyou),Eucalyptus oil(anyou),Mentha canadensis(bohe),Methyl salicylate(shuiyangsuanjiazhi),Syzygium aromaticum(dingxiang),camphor(zhangnao),Cinnamomum cassia(rougui),musk(shexiang),,,,,,,,,,,,,,,,,,,,,,,,,,,,,,,,,,,,,,,,,,,,,,,,,,,,,,,,,,,,,,,,,,,,,
Angelica sinensis(danggui),White peony(baishao),Wolfiporia cocos(fuling),Atractylodes lancea(baizhu),Citrus aurantium(chenpi),Anemarrhena asphodeloides(zhimu),Fritillaria(beimu),Cyperus rotundus(xiangfu),Chaihu(chaihu),Mentha canadensis(bohe),Earthbone skin(digupi),licorice(gancao),Ophiopogon japonicus(maidong),,,,,,,,,,,,,,,,,,,,,,,,,,,,,,,,,,,,,,,,,,,,,,,,,,,,,,,,,,,,,,,,
Wolfiporia cocos(fuling),ginseng(renshen),Yuanzhi(yuanzhi),Acorus gramineus(shichangpu),Coptis chinensis(huanglian),Sour jujube kernel(suanzaoren),Bai Ziren(baiziren),Angelica sinensis(danggui),Rehmannia glutinosa(dihuang),Aucklandia costus(muxiang),Cinnabar(zhusha),,,,,,,,,,,,,,,,,,,,,,,,,,,,,,,,,,,,,,,,,,,,,,,,,,,,,,,,,,,,,,,,,,
Gypsum(shigao),talc(huashi),Cold water stone(hanshuishi),Antelope horn(lingyangjiao),Water buffalo horn(shuiniujiao),musk(shexiang),Xuanshen(xuancan),Cohosh hemp(shengma),licorice(gancao),Aucklandia costus(muxiang),Magnetite(cishi),Aquilaria sinensis(chenxiang),Syzygium aromaticum(dingxiang),Saltpeter(xiaoshi),Mirabilite(mangxiao),,,,,,,,,,,,,,,,,,,,,,,,,,,,,,,,,,,,,,,,,,,,,,,,,,,,,,,,,,,,,,
musk(shexiang),realgar(xionghuang),Cinnabar(zhusha),Orpiment(cihuang),borneol(bingpian),Rheum officinale(dahuang),Atractylodes lancea(cangzhu),Cinnamomum cassia(rougui),Gastrodia elata(tianma),Shancigu mushroom(shancigu),Aquilaria sinensis(chenxiang),Syzygium aromaticum(dingxiang),borax(pengsha),Suhexiang(suhexiang),Red Euphorbia(hongdaji),Chinese gallnut(wubeizi),Asarum heterotropoides(xixin),Santalum album(tanxiang),Qianjinzi Cream(qianjinzishuang),Dalbergia odorifera(jiangxiang),Ghost Arrow Feather(guijianyu),Ephedra sinica(mahuang),,,,,,,,,,,,,,,,,,,,,,,,,,,,,,,,,,,,,,,,,,,,,,,,,,,,,,,
Acacia flower(hehuanhua),Curcuma aromatica(yujin),Aquilaria sinensis(chenxiang),Angelica sinensis(danggui),White peony(baishao),Danshen(danshen),Bai Ziren(baiziren),Gardenia jasminoides(zhizi),Chaihu(chaihu),Mentha canadensis(bohe),Fu Shen(fushen),Red jujube(hongzao),Orange cake(jubing),,,,,,,,,,,,,,,,,,,,,,,,,,,,,,,,,,,,,,,,,,,,,,,,,,,,,,,,,,,,,,,,
musk(shexiang),borneol(bingpian),Baiji(baiji),Angelica dahurica(baizhi),Boswellia carteri(ruxiang),myrrh(moyao),Syzygium aromaticum(dingxiang),Cinnabar(zhusha),,,,,,,,,,,,,,,,,,,,,,,,,,,,,,,,,,,,,,,,,,,,,,,,,,,,,,,,,,,,,,,,,,,,,
Pogostemon cablin(guanghuoxiang),Cardamom(baidoukou),Toad crispy(chansu),Gao Liangjiang(gaoliangjiang),Citrus aurantium(chenpi),camphor(zhangnao),Illicium verum(bajiaohuixiang),Aucklandia costus(muxiang),Mentha canadensis(bohe),banana(xiangjiao),Cinnamomum cassia(rougui),Syzygium aromaticum(dingxiang),Asarum heterotropoides(xixin),Rheum officinale(dahuang),,,,,,,,,,,,,,,,,,,,,,,,,,,,,,,,,,,,,,,,,,,,,,,,,,,,,,,,,,,,,,,
Aucklandia costus(muxiang),Syzygium aromaticum(dingxiang),Illicium verum(bajiaohuixiang),nutmeg(roudoukou),Asarum heterotropoides(xixin),Citrus aurantium(chenpi),Piper longum(biba),Rheum officinale(dahuang),Magnolia officinalis(houpo),Pig tooth soap(zhuyazao),Gao Liangjiang(gaoliangjiang),Atractylodes lancea(cangzhu),Pogostemon cablin(guanghuoxiang),Acorus gramineus(shichangpu),Wu Zhuyu(wuzhuyu),Cinnamomum cassia(rougui),Dry wine(ganjiu),,,,,,,,,,,,,,,,,,,,,,,,,,,,,,,,,,,,,,,,,,,,,,,,,,,,,,,,,,,,
ginseng(renshen),Hook vine(gouteng),Bombyx mori(jiangcan),Scorpion(quanxie),Cinnabar(zhusha),Gastrodia elata(tianma),Dannan Star(dannanxing),Coptis chinensis(huanglian),Fencao(fencao),Rheum officinale(dahuang),Betel nut(binglang),Bezoar(niuhuang),borneol(bingpian),Morning glory(qianniu),amber(hupo),,,,,,,,,,,,,,,,,,,,,,,,,,,,,,,,,,,,,,,,,,,,,,,,,,,,,,,,,,,,,,
Atractylodes lancea(cangzhu),Angelica dahurica(baizhi),Asarum heterotropoides(xixin),Pogostemon cablin(guanghuoxiang),Dalbergia odorifera(jiangxiang),Acorus gramineus(shichangpu),Platycodon grandiflorum(jiegeng),Aucklandia costus(muxiang),Conioselinum anthriscoides(chuanqiong),Mentha canadensis(bohe),Bergamot(foshou),Santalum album(tanxiang),,,,,,,,,,,,,,,,,,,,,,,,,,,,,,,,,,,,,,,,,,,,,,,,,,,,,,,,,,,,,,,,,
True androgen(zhenxiongjing),Asarum heterotropoides(xixin),Bezoar(niuhuang),Pig tooth soap(zhuyazao),musk(shexiang),Mentha canadensis(bohe),borneol(bingpian),,,,,,,,,,,,,,,,,,,,,,,,,,,,,,,,,,,,,,,,,,,,,,,,,,,,,,,,,,,,,,,,,,,,,,
Bezoar(niuhuang),Scorpion(quanxie),Bombyx mori(jiangcan),Gastrodia elata(tianma),Earth dragon(dilong),amber(hupo),Unicorn lotus(dujiaolian),Indigo naturalis(qingdai),Gypsum(shigao),Rheum officinale(dahuang),Mentha canadensis(bohe),,,,,,,,,,,,,,,,,,,,,,,,,,,,,,,,,,,,,,,,,,,,,,,,,,,,,,,,,,,,,,,,,,
Powdery cream(fenshuang),Gastrodia elata(tianma),Draco draconis(xuejie),realgar(xionghuang),Toad crispy(chansu),borax(pengsha),ginseng(renshen),borneol(bingpian),musk(shexiang),Cinnabar(zhusha),,,,,,,,,,,,,,,,,,,,,,,,,,,,,,,,,,,,,,,,,,,,,,,,,,,,,,,,,,,,,,,,,,,
camphor(zhangnao),Amomum villosum(sharen),Fennel(xiaohuixiang),Mentha canadensis(bohe),Citrus aurantium(chenpi),ginger(shengjiang),Cinnamomum cassia(rougui),licorice(gancao),Rheum officinale(dahuang),capsicum(lajiao),Pogostemon cablin(guanghuoxiang),,,,,,,,,,,,,,,,,,,,,,,,,,,,,,,,,,,,,,,,,,,,,,,,,,,,,,,,,,,,,,,,,,
Mentha canadensis(bohe),borneol(bingpian),Syzygium aromaticum(dingxiang),Amomum villosum(sharen),Illicium verum(bajiaohuixiang),Cinnamomum cassia(rougui),pepper(hujiao),Aucklandia costus(muxiang),Dried ginger(ganjiang),Catechu(ercha),licorice(gancao),Glutinous rice flour(nuomifen),Sodium benzoate(benjiasuanna),,,,,,,,,,,,,,,,,,,,,,,,,,,,,,,,,,,,,,,,,,,,,,,,,,,,,,,,,,,,,,,,
Double-sided needle(liangmianzhen),Xu Changqing(xuzhangqing),Jiulixiang(jiulixiang),Xinyi(xinyi),Carthamus tinctorius(honghua),Water hibiscus(shuifurong),Selaginella vulgaris(juanbai),Fragrant leaves(xiangye),Qianli Guang(qianliguang),Big headed Chen(datouchen),Angelica sinensis(danggui),Goose does not eat grass(ebushicao),three seven(sanqi),Tumefaction wind(zhongjiefeng),Chicken Bone Fragrance(jiguxiang),Amomum villosum(sharen),Duhuo(duhuo),Qiang Huo(qianghuo),Ginger peel(jiangpi),Citrus aurantium(chenpi),Cyperus rotundus(xiangfu),chrysanthemum(juhua),White Cow Gall(bainiudan),Cinnamomum cassia(rougui),Xiao Luo Umbrella(xiaoluosan),Manjing Zi(manjingzi),Platycodon grandiflorum(jiegeng),Purple pearl leaf(zizhuye),Bitter ground gall(kudidan),Asarum heterotropoides(xixin),Five Fingered Citrus(wuzhigan),nutmeg(roudoukou),Self-defense(fangji),Three guns(sanzhiqiang),Shanyinhua(shanyinhua),Jiu Bi Ying(jiubiying),Half maple lotus(banfenghe),Piper eggplant(bichengjia),Shanji Pepper(shanjijiao),Ephedra sinica(mahuang),Dodecandrum(dinie),windproof(fangfeng),Scutellaria barbata(banzhilian),Iron clad gold(tiebaojin),Chaihu(chaihu),Tree Jue(shujue),Chicken Bone Grass(jigucao),Schizonepeta tenuifolia(jingjie),Tiger staff(huzhang),Hook vine(gouteng),A yellow flower(yizhihuanghua),Ghost Lantern(guidenglong),White Flower Snake Tongue Grass(baihuasheshecao),Cornflower(jiyancao),Golden thread orchid(jinxianlan),Shixian Peach(shixiantao),Mugwort leaf(aiye),Saponin horn thorn(zaojiaoci),Aucklandia costus(muxiang),Mountain sesame(shanzhima),Motherwort(yimucao),Perilla frutescens(zisu),Handspring grass(daokoucao),Platycladus orientalis leaves(cebaiye),Gold earrings(jinerhuan),Shady fern(yindijue),Flea rest(zaoxiu),Houttuynia cordata(yuxingcao),Maiden flower(nvlanghua),camphor(zhangnao),Methyl salicylate(shuiyangsuanjiazhi),turpentine(songjieyou),Mentha canadensis(bohe),Illicium verum(bajiaohuixiang),Cinnamomum cassia(rougui),borneol(bingpian),Eucalyptus oil(anyou)
borneol(bingpian),musk(shexiang),Light powder(qingfen),Cinnabar(zhusha),Boswellia carteri(ruxiang),myrrh(moyao),Draco draconis(xuejie),realgar(xionghuang),Toad crispy(chansu),,,,,,,,,,,,,,,,,,,,,,,,,,,,,,,,,,,,,,,,,,,,,,,,,,,,,,,,,,,,,,,,,,,,
Magnetite(cishi),Ochre(zheshi),mother-of-pearl(zhenzhumu),Pinellia ternata(banxia),Distiller's yeast(jiuqu),Ox knee(niuxi),Mentha canadensis(bohe),borneol(bingpian),Pig bile(zhudanzhi),,,,,,,,,,,,,,,,,,,,,,,,,,,,,,,,,,,,,,,,,,,,,,,,,,,,,,,,,,,,,,,,,,,,
Bezoar(niuhuang),Forsythia suspensa(lianqiao),Pig bile(zhudanzhi),Gardenia jasminoides(zhizi),Curcuma aromatica(yujin),mother-of-pearl(zhenzhumu),Coptis chinensis(huanglian),Aucklandia costus(muxiang),honeysuckle(jinyinhua),centipede(wugong),Rheum officinale(dahuang),Acorus gramineus(shichangpu),Scorpion(quanxie),Scutellaria baicalensis(huangqin),Mentha canadensis(bohe),Indigo naturalis(qingdai),Carthamus tinctorius(honghua),Gypsum(shigao),borneol(bingpian),Huangbai(huangbai),Anemarrhena asphodeloides(zhimu),Goat horn(shanyangjiao),honey(fengmi),,,,,,,,,,,,,,,,,,,,,,,,,,,,,,,,,,,,,,,,,,,,,,,,,,,,,,
Coptis chinensis(huanglian),Water buffalo horn(shuiniujiao),Scutellaria baicalensis(huangqin),borneol(bingpian),Gardenia jasminoides(zhizi),musk(shexiang),Curcuma aromatica(yujin),Cinnabar(zhusha),Hawksbill turtle(daimao),realgar(xionghuang),Bezoar(niuhuang),pearl(zhenzhu),,,,,,,,,,,,,,,,,,,,,,,,,,,,,,,,,,,,,,,,,,,,,,,,,,,,,,,,,,,,,,,,,
Bezoar(niuhuang),Curcuma aromatica(yujin),Cinnabar(zhusha),Pinellia ternata(banxia),Betel nut(binglang),musk(shexiang),Croton cream(badoushuang),realgar(xionghuang),,,,,,,,,,,,,,,,,,,,,,,,,,,,,,,,,,,,,,,,,,,,,,,,,,,,,,,,,,,,,,,,,,,,,
pearl(zhenzhu),Santalum album(tanxiang),Dalbergia odorifera(jiangxiang),Nine eyed stone(jiuyanshi),Carthamus tinctorius(honghua),Bezoar(niuhuang),musk(shexiang),,,,,,,,,,,,,,,,,,,,,,,,,,,,,,,,,,,,,,,,,,,,,,,,,,,,,,,,,,,,,,,,,,,,,,
Mentha canadensis(bohe),Methyl salicylate(shuiyangsuanjiazhi),,,,,,,,,,,,,,,,,,,,,,,,,,,,,,,,,,,,,,,,,,,,,,,,,,,,,,,,,,,,,,,,,,,,,,,,,,,
Mentha canadensis(bohe),camphor(zhangnao),Eucalyptus oil(anyou),Syzygium aromaticum(dingxiang),Cinnamomum cassia(rougui),ammonia(anshui),,,,,,,,,,,,,,,,,,,,,,,,,,,,,,,,,,,,,,,,,,,,,,,,,,,,,,,,,,,,,,,,,,,,,,,
ginseng(renshen),Astragalus membranaceus(huangqi),Angelica sinensis(danggui),Deer antler(lurong),chrysanthemum(juhua),Mentha canadensis(bohe),Chaihu(chaihu),Cassia seed(juemingzi),Schizonepeta tenuifolia(jingjie),Danshen(danshen),Yuanzhi(yuanzhi),Schisandra chinensis(wuweizi),Sour jujube kernel(suanzaoren),Lotus seed(lianzi),Ophiopogon japonicus(maidong),lily(baihe),Zhuru(zhuru),Scutellaria baicalensis(huangqin),Platycodon grandiflorum(jiegeng),Citrus aurantium(chenpi),Wolfiporia cocos(fuling),licorice(gancao),Pinellia ternata(banxia),Fructus Aurantii(zhike),Dried ginger(ganjiang),Gypsum(shigao),borneol(bingpian),Rheum officinale(dahuang),Mutong(mutong),Huangbai(huangbai),Bai Ziren(baiziren),Anemarrhena asphodeloides(zhimu),Acorus gramineus(shichangpu),Conioselinum anthriscoides(chuanqiong),Red peony(chishao),Peach kernel(taoren),Carthamus tinctorius(honghua),hawthorn(shanzha),Ox knee(niuxi),Angelica dahurica(baizhi),Gaoben(gaoben),Manjing Zi(manjingzi),Kudzu root(gegen),windproof(fangfeng),Qiang Huo(qianghuo),Hook vine(gouteng),Rehmannia glutinosa(dihuang),,,,,,,,,,,,,,,,,,,,,,,,,,,,,,
Water buffalo horn(shuiniujiao),Curcuma aromatica(yujin),Pig bile(zhudanzhi),borneol(bingpian),realgar(xionghuang),Scutellaria baicalensis(huangqin),Coptis chinensis(huanglian),Gardenia jasminoides(zhizi),Clam shell(hake),Ochre(zheshi),Xinyi(xinyi),Mentha canadensis(bohe),Gypsum(shigao),,,,,,,,,,,,,,,,,,,,,,,,,,,,,,,,,,,,,,,,,,,,,,,,,,,,,,,,,,,,,,,,
licorice(gancao),Soybean flour(doufen),Cinnabar(zhusha),borneol(bingpian),Bezoar(niuhuang),,,,,,,,,,,,,,,,,,,,,,,,,,,,,,,,,,,,,,,,,,,,,,,,,,,,,,,,,,,,,,,,,,,,,,,,
Water buffalo horn(shuiniujiao),borneol(bingpian),ginseng(renshen),Wolfiporia cocos(fuling),Atractylodes lancea(baizhu),licorice(gancao),Angelica sinensis(danggui),Conioselinum anthriscoides(chuanqiong),White peony(baishao),Yam(shanyao),Scutellaria baicalensis(huangqin),Huangbai(huangbai),Gardenia jasminoides(zhizi),Chaihu(chaihu),Bitter almond(kuxingren),Platycodon grandiflorum(jiegeng),Soybean yellow roll(dadouhuangjuan),windproof(fangfeng),Ophiopogon japonicus(maidong),Cayratia japonica(bailian),Cattail yellow(puhuang),Divine Comedy(shenqu),Canned ginger(paojiang),Ass hide glue(ejiao),Cinnamomum cassia(rougui),Black jujube(heizao),Cinnabar(zhusha),realgar(xionghuang),,,,,,,,,,,,,,,,,,,,,,,,,,,,,,,,,,,,,,,,,,,,,,,,,
Methyl salicylate(shuiyangsuanjiazhi),Mentha canadensis(bohe),camphor(zhangnao),,,,,,,,,,,,,,,,,,,,,,,,,,,,,,,,,,,,,,,,,,,,,,,,,,,,,,,,,,,,,,,,,,,,,,,,,,
ginseng(renshen),Bezoar(niuhuang),amber(hupo),Water buffalo horn(shuiniujiao),musk(shexiang),Tiannanxing(tiannanxing),Cinnabar(zhusha),Benzoin(anxixiang),Geranium yellow(tianzhuhuang),Hawksbill turtle(daimao),borneol(bingpian),realgar(xionghuang),,,,,,,,,,,,,,,,,,,,,,,,,,,,,,,,,,,,,,,,,,,,,,,,,,,,,,,,,,,,,,,,,
Citrus aurantium(chenpi),Santalum album(tanxiang),Amomum villosum(sharen),nutmeg(roudoukou),licorice(gancao),Aucklandia costus(muxiang),Syzygium aromaticum(dingxiang),Pogostemon cablin(guanghuoxiang),Catechu(ercha),Cinnamomum cassia(rougui),Mentha canadensis(bohe),borneol(bingpian),Cinnabar(zhusha),,,,,,,,,,,,,,,,,,,,,,,,,,,,,,,,,,,,,,,,,,,,,,,,,,,,,,,,,,,,,,,,
Boswellia carteri(ruxiang),Self-defense(fangji),Asarum heterotropoides(xixin),licorice(gancao),almond(xingren),Schizonepeta tenuifolia(jingjie),Cinnamomum cassia(rougui),Aucklandia costus(muxiang),Cyperus rotundus(xiangfu),Rheum officinale(dahuang),Mentha canadensis(bohe),borneol(bingpian),Syzygium aromaticum basil(dingxiangluole),Pogostemon cablin(guanghuoxiang),,,,,,,,,,,,,,,,,,,,,,,,,,,,,,,,,,,,,,,,,,,,,,,,,,,,,,,,,,,,,,,
mother-of-pearl(zhenzhumu),Aquilaria sinensis(chenxiang),calcite(fangjieshi),Golden Lapis Stone(jinmengshi),Carthamus tinctorius(honghua),crab(pangxie),Syzygium aromaticum(dingxiang),Terminalia chebula(hezi),nutmeg(roudoukou),Yuganzi(yuganzi),Grass fruit(caoguo),Dry celery(hanqin),Santalum album(tanxiang),Black grass seed(heizhongcaozi),Dalbergia odorifera(jiangxiang),,,,,,,,,,,,,,,,,,,,,,,,,,,,,,,,,,,,,,,,,,,,,,,,,,,,,,,,,,,,,,
camphor(zhangnao),Eucalyptus oil(anyou),Mentha canadensis(bohe),Methyl salicylate(shuiyangsuanjiazhi),Ethyl salicylate(shuiyangsuanyizhi),Lavender(xunyicao),,,,,,,,,,,,,,,,,,,,,,,,,,,,,,,,,,,,,,,,,,,,,,,,,,,,,,,,,,,,,,,,,,,,,,,
Mentha canadensis(bohe),Methyl salicylate(shuiyangsuanjiazhi),Illicium verum(bajiaohuixiang),camphor(zhangnao),Eucalyptus oil(anyou),,,,,,,,,,,,,,,,,,,,,,,,,,,,,,,,,,,,,,,,,,,,,,,,,,,,,,,,,,,,,,,,,,,,,,,,
musk(shexiang),Aucklandia costus(muxiang),Acorus gramineus(shichangpu),Iron rod hammer(tiebangchui),Terminalia chebula(hezi),coral(shanhu),pearl(zhenzhu),Syzygium aromaticum(dingxiang),nutmeg(roudoukou),Aquilaria sinensis(chenxiang),Magnetite(cishi),licorice(gancao),Yu Liangshi(yuliangshi),,,,,,,,,,,,,,,,,,,,,,,,,,,,,,,,,,,,,,,,,,,,,,,,,,,,,,,,,,,,,,,,
Amomum villosum(sharen),Methyl salicylate(shuiyangsuanjiazhi),Mentha canadensis(bohe),Eucalyptus oil(anyou),camphor(zhangnao),,,,,,,,,,,,,,,,,,,,,,,,,,,,,,,,,,,,,,,,,,,,,,,,,,,,,,,,,,,,,,,,,,,,,,,,
musk(shexiang),Antelope horn(lingyangjiao),three seven(sanqi),Gastrodia elata(tianma),Scorpion(quanxie),Wutiao Snake(wushaoshe),Carthamus tinctorius(honghua),Rehmannia glutinosa(dihuang),Rheum officinale(dahuang),Kudzu root(gegen),Conioselinum anthriscoides(chuanqiong),Bombyx mori(jiangcan),leech(shuizhi),Astragalus membranaceus(huangqi),Dannan Star(dannanxing),Earth dragon(dilong),Red peony(chishao),Angelica sinensis(danggui),Siegesbeckia herb(xixiancao),Lonicera japonica vine(rendongteng),Caulis spatholobi(jixueteng),Rhododendron gracilis(luoshiteng),,,,,,,,,,,,,,,,,,,,,,,,,,,,,,,,,,,,,,,,,,,,,,,,,,,,,,,
musk(shexiang),Methyl salicylate(shuiyangsuanjiazhi),Draco draconis(xuejie),Mentha canadensis(bohe),Boswellia carteri(ruxiang),Cinnamomum cassia(rougui),myrrh(moyao),Syzygium aromaticum basil(dingxiangluole),Eucalyptus oil(anyou),,,,,,,,,,,,,,,,,,,,,,,,,,,,,,,,,,,,,,,,,,,,,,,,,,,,,,,,,,,,,,,,,,,,
musk(shexiang),three seven(sanqi),Draco draconis(xuejie),Carthamus tinctorius(honghua),Rehmannia glutinosa(dihuang),camphor(zhangnao),borneol(bingpian),Mentha canadensis(bohe),,,,,,,,,,,,,,,,,,,,,,,,,,,,,,,,,,,,,,,,,,,,,,,,,,,,,,,,,,,,,,,,,,,,,
camphor(zhangnao),Dried ginger(ganjiang),Rheum officinale(dahuang),Fennel(xiaohuixiang),Cinnamomum cassia(rougui),capsicum(lajiao),Eucalyptus oil(anyou),,,,,,,,,,,,,,,,,,,,,,,,,,,,,,,,,,,,,,,,,,,,,,,,,,,,,,,,,,,,,,,,,,,,,,
Methyl salicylate(shuiyangsuanjiazhi),Fennel(xiaohuixiang),Eucalyptus oil(anyou),Roses(meiguihua),Mentha canadensis(bohe),camphor(zhangnao),,,,,,,,,,,,,,,,,,,,,,,,,,,,,,,,,,,,,,,,,,,,,,,,,,,,,,,,,,,,,,,,,,,,,,,
Aquilaria sinensis(chenxiang),Syzygium aromaticum(dingxiang),Santalum album(tanxiang),Aucklandia costus(muxiang),Cyperus rotundus(xiangfu),Dalbergia odorifera(jiangxiang),Pogostemon cablin(guanghuoxiang),Boswellia carteri(ruxiang),Gastrodia elata(tianma),Bombyx mori(jiangcan),Curcuma aromatica(yujin),Lotus seed(lianzi),Golden Lapis Stone(jinmengshi),Terminalia chebula(hezi),licorice(gancao),Suhexiang(suhexiang),Benzoin(anxixiang),musk(shexiang),borneol(bingpian),Cinnabar(zhusha),amber(hupo),Bezoar(niuhuang),Trichosanthes kirilowii(gualouzi),,,,,,,,,,,,,,,,,,,,,,,,,,,,,,,,,,,,,,,,,,,,,,,,,,,,,,
Mentha canadensis(bohe),Eucalyptus oil(anyou),camphor(zhangnao),Methyl salicylate(shuiyangsuanjiazhi),,,,,,,,,,,,,,,,,,,,,,,,,,,,,,,,,,,,,,,,,,,,,,,,,,,,,,,,,,,,,,,,,,,,,,,,,
Bezoar(niuhuang),Huangbai(huangbai),Scutellaria baicalensis(huangqin),Rheum officinale(dahuang),talc(huashi),licorice(gancao),Cinnabar(zhusha),Gardenia jasminoides(zhizi),Gypsum(shigao),borneol(bingpian),honey(fengmi),,,,,,,,,,,,,,,,,,,,,,,,,,,,,,,,,,,,,,,,,,,,,,,,,,,,,,,,,,,,,,,,,,
Mentha canadensis(bohe),Pogostemon cablin(guanghuoxiang),Citrus aurantium(chenpi),camphor(zhangnao),licorice(gancao),Gardenia jasminoides(zhizi),borneol(bingpian),Angelica sinensis(danggui),Illicium verum(bajiaohuixiang),Conioselinum anthriscoides(chuanqiong),Syzygium aromaticum(dingxiang),Aucklandia costus(muxiang),Cinnamomum cassia(rougui),Draco draconis(xuejie),,,,,,,,,,,,,,,,,,,,,,,,,,,,,,,,,,,,,,,,,,,,,,,,,,,,,,,,,,,,,,,
Methyl salicylate(shuiyangsuanjiazhi),turpentine(songjieyou),Mentha canadensis(bohe),Cinnamomum cassia(rougui),Illicium verum(bajiaohuixiang),camphor(zhangnao),,,,,,,,,,,,,,,,,,,,,,,,,,,,,,,,,,,,,,,,,,,,,,,,,,,,,,,,,,,,,,,,,,,,,,,
Suhexiang(suhexiang),Syzygium aromaticum(dingxiang),Benzoin(anxixiang),Boswellia carteri(ruxiang),Aucklandia costus(muxiang),Santalum album(tanxiang),Illicium verum(bajiaohuixiang),Cyperus rotundus(xiangfu),Atractylodes lancea(baizhu),Terminalia chebula(hezi),Piper longum(biba),Cinnabar(zhusha),borneol(bingpian),,,,,,,,,,,,,,,,,,,,,,,,,,,,,,,,,,,,,,,,,,,,,,,,,,,,,,,,,,,,,,,,
Conioselinum anthriscoides(chuanqiong),Angelica dahurica(baizhi),Platycodon grandiflorum(jiegeng),Santalum album(tanxiang),licorice(gancao),,,,,,,,,,,,,,,,,,,,,,,,,,,,,,,,,,,,,,,,,,,,,,,,,,,,,,,,,,,,,,,,,,,,,,,,
Santalum album(tanxiang),Aucklandia costus(muxiang),Aquilaria sinensis(chenxiang),Boswellia carteri(ruxiang),Suhexiang(suhexiang),borneol(bingpian),Mentha canadensis(bohe),camphor(zhangnao),musk(shexiang),,,,,,,,,,,,,,,,,,,,,,,,,,,,,,,,,,,,,,,,,,,,,,,,,,,,,,,,,,,,,,,,,,,,
musk(shexiang),Ariel flower(naoyanghua),Rush grass(dengxincao),Toad crispy(chansu),borax(pengsha),Asarum heterotropoides(xixin),Schizonepeta tenuifolia(jingjie),Pig tooth soap(zhuyazao),borneol(bingpian),,,,,,,,,,,,,,,,,,,,,,,,,,,,,,,,,,,,,,,,,,,,,,,,,,,,,,,,,,,,,,,,,,,,
Mentha canadensis(bohe),camphor(zhangnao),Eucalyptus oil(anyou),Syzygium aromaticum(dingxiang),Cinnamomum cassia(rougui),Pogostemon cablin(guanghuoxiang),Gansong(gansong),ammonia(anshui),Draco draconis(xuejie),,,,,,,,,,,,,,,,,,,,,,,,,,,,,,,,,,,,,,,,,,,,,,,,,,,,,,,,,,,,,,,,,,,,
musk(shexiang),Toad crispy(chansu),borneol(bingpian),Ariel flower(naoyanghua),Pig tooth soap(zhuyazao),Schizonepeta tenuifolia(jingjie),Rush grass(dengxincao),,,,,,,,,,,,,,,,,,,,,,,,,,,,,,,,,,,,,,,,,,,,,,,,,,,,,,,,,,,,,,,,,,,,,,
ginseng(renshen),Ophiopogon japonicus(maidong),Schisandra chinensis(wuweizi),Astragalus membranaceus(huangqi),Angelica sinensis(danggui),Longan meat(longyanrou),Cinnamomum cassia(rougui),Ganoderma lucidum(lingzhi),Caulis spatholobi(jixueteng),Wolfiporia cocos(fuling),hawthorn(shanzha),Danshen(danshen),Sour jujube kernel(suanzaoren),Ass hide glue(ejiao),,,,,,,,,,,,,,,,,,,,,,,,,,,,,,,,,,,,,,,,,,,,,,,,,,,,,,,,,,,,,,,
Danshen(danshen),Prepared Polygonum multiflorum Thunb(zhiheshouwu),Red peony(chishao),medlar(gouqi),Kudzu root(gegen),Conioselinum anthriscoides(chuanqiong),Carthamus tinctorius(honghua),Alisma orientalis(zexie),Ox knee(niuxi),Earth dragon(dilong),Curcuma aromatica(yujin),Yuanzhi(yuanzhi),Acorus gramineus(shichangpu),Sour jujube kernel(suanzaoren),Deer heart powder(luxinfen),licorice(gancao),,,,,,,,,,,,,,,,,,,,,,,,,,,,,,,,,,,,,,,,,,,,,,,,,,,,,,,,,,,,,
musk(shexiang),Curcuma aromatica(yujin),borneol(bingpian),Gardenia jasminoides(zhizi),,,,,,,,,,,,,,,,,,,,,,,,,,,,,,,,,,,,,,,,,,,,,,,,,,,,,,,,,,,,,,,,,,,,,,,,,
Astragalus membranaceus(huangqi),Epimedium(yinyanghuo),Acorus gramineus(shichangpu),Red ginseng(hongcan),Angelica sinensis(danggui),Earth dragon(dilong),three seven(sanqi),Carthamus tinctorius(honghua),Self-defense(fangji),Red peony(chishao),Peach kernel(taoren),Shixiaming(shijueming),Gastrodia elata(tianma),Agrimonia pilosa(xianhecao),Sophora japonica(huaihua),Atractylodes lancea(baizhu),Dannan Star(dannanxing),Kudzu root(gegen),Xuanshen(xuancan),Coptis chinensis(huanglian),Forsythia suspensa(lianqiao),Alisma orientalis(zexie),Conioselinum anthriscoides(chuanqiong),medlar(gouqi),Scorpion(quanxie),Prepared Polygonum multiflorum Thunb(zhiheshouwu),Cassia seed(juemingzi),Aquilaria sinensis(chenxiang),Unicorn lotus(dujiaolian),Asarum heterotropoides(xixin),Aucklandia costus(muxiang),Bombyx mori(jiangcan),Pig tooth soap(zhuyazao),borneol(bingpian),pearl(zhenzhu),Rheum officinale(dahuang),,,,,,,,,,,,,,,,,,,,,,,,,,,,,,,,,,,,,,,,,
Mentha canadensis(bohe),Syzygium aromaticum(dingxiang),Cinnamomum cassia(rougui),Methyl salicylate(shuiyangsuanjiazhi),Eucalyptus oil(anyou),borneol(bingpian),camphor(zhangnao),,,,,,,,,,,,,,,,,,,,,,,,,,,,,,,,,,,,,,,,,,,,,,,,,,,,,,,,,,,,,,,,,,,,,,
Mentha canadensis(bohe),camphor(zhangnao),Eucalyptus oil(anyou),Syzygium aromaticum(dingxiang),Cinnamomum cassia(rougui),ammonia(anshui),Liquid paraffin(yetishila),chloroform(lvfang),Dimethyl yellow(erjiajihuang),,,,,,,,,,,,,,,,,,,,,,,,,,,,,,,,,,,,,,,,,,,,,,,,,,,,,,,,,,,,,,,,,,,,
Dried ginger(ganjiang),Red peony(chishao),Tiannanxing(tiannanxing),Grass Aconite(caowu),Chuanwu(chuanwu),Aconite(fuzi),Boswellia carteri(ruxiang),Angelica dahurica(baizhi),Weiling Xian(weilingxian),Asarum heterotropoides(xixin),Chinese gallnut(wubeizi),Mentha canadensis(bohe),Methyl salicylate(shuiyangsuanjiazhi),camphor(zhangnao),amber(hupo),Syzygium aromaticum basil(dingxiangluole),Cinnamomum cassia(rougui),Illicium verum(bajiaohuixiang),,,,,,,,,,,,,,,,,,,,,,,,,,,,,,,,,,,,,,,,,,,,,,,,,,,,,,,,,,,
musk(shexiang),borneol(bingpian),Cinnabar(zhusha),realgar(xionghuang),Qianjinzi Cream(qianjinzishuang),Red Euphorbia(hongdaji),Chinese gallnut(wubeizi),Shancigu mushroom(shancigu),,,,,,,,,,,,,,,,,,,,,,,,,,,,,,,,,,,,,,,,,,,,,,,,,,,,,,,,,,,,,,,,,,,,,
Mentha canadensis(bohe),camphor(zhangnao),Eucalyptus oil(anyou),Syzygium aromaticum basil(dingxiangluole),,,,,,,,,,,,,,,,,,,,,,,,,,,,,,,,,,,,,,,,,,,,,,,,,,,,,,,,,,,,,,,,,,,,,,,,,
Aquilaria sinensis(chenxiang),nutmeg(roudoukou),Syzygium aromaticum(dingxiang),Guangzao(guangzao),Aucklandia costus(muxiang),Arrowhead chrysanthemum(dajianju),Rabbit heart(yetuxin),Zihe Che(ziheche),,,,,,,,,,,,,,,,,,,,,,,,,,,,,,,,,,,,,,,,,,,,,,,,,,,,,,,,,,,,,,,,,,,,,
Gypsum(shigao),Cold water stone(hanshuishi),talc(huashi),Magnetite(cishi),Xuanshen(xuancan),Aucklandia costus(muxiang),Aquilaria sinensis(chenxiang),Cohosh hemp(shengma),licorice(gancao),Syzygium aromaticum(dingxiang),Mirabilite(mangxiao),Saltpeter(xiaoshi),Water buffalo horn(shuiniujiao),Antelope horn(lingyangjiao),musk(shexiang),Cinnabar(zhusha),,,,,,,,,,,,,,,,,,,,,,,,,,,,,,,,,,,,,,,,,,,,,,,,,,,,,,,,,,,,,
Mentha canadensis(bohe),camphor(zhangnao),Eucalyptus oil(anyou),Syzygium aromaticum(dingxiang),Draco draconis(xuejie),Cinnamomum cassia(rougui),Gansong(gansong),Huang Vaseline(huangfanshilin),Ground wax(dila),ammonia(anshui),paraffin wax(shila),,,,,,,,,,,,,,,,,,,,,,,,,,,,,,,,,,,,,,,,,,,,,,,,,,,,,,,,,,,,,,,,,,
